Name,Original Price,Discounted Price,Discount Percent,Price (raw),Premium,quantity,Rating,Review Count,Delivery Time,Category,Price
"Fire-Boltt Fire Pods Aero TWS Earbud with Custom EQ Profile, Quad Mic ENC & 50H Playtime, Ultra Low 50ms Game Mode, Black",8999,8,99.91,₹829 | ₹8999 | ₹8,No,,4.1,183,16 mins,electronics,8999
"Fire-Boltt Fire Pods Aero TWS Earbud with Custom EQ Profile, Quad Mic ENC & 50H Playtime, Ultra Low 50ms Game Mode, White",8999,8,99.91,₹829 | ₹8999 | ₹8,No,,4.2,130,16 mins,electronics,8999
"Dubstep Buzz X5 in-Ear TWS Earbuds with Upto 50 hrs Playtime, 13mm Dynamic Drivers, X-Bass Technology, ENC, Bluetooth V5.3 Earphones, Type-C Fast Charging - Black & Yellow",2999,2,99.93,₹499 | ₹2999 | ₹2,No,"Dubstep Buzz X5 in-Ear TWS Earbuds with Upto 50 hrs Playtime, 13mm Dynamic Drivers, X-Bass Technology, ENC, Bluetooth V5.3 Earphones, Type-C Fast Charging - Black & Yellow",4.3,2999,16 mins,electronics,2999
"boAt Airdopes Primo in Ear TWS Earbuds with 45 Hours Playback, Fast Charge, Beast Mode, Dual Mics Enx, IPX Bluetooth Earbuds - Active Black",4490,3,99.93,₹799 | ₹4490 | ₹3,No,,4.2,4490,16 mins,electronics,4490
Dubstep Buzz X3 with 42 Hrs Playtime True Wireless TWS Earbuds (Black/Blue),2999,2,99.93,₹499 | ₹2999 | ₹2,No,Dubstep Buzz X3 with 42 Hrs Playtime True Wireless TWS Earbuds (Black/Blue),4.5,2999,16 mins,electronics,2999
Swiss Military Audio Earbuds Octa Lite,4290,3,99.93,₹659 | ₹4290 | ₹3,No,,3.7,87,16 mins,electronics,4290
"Fire-Boltt Fire Pods Aero Pro TWS Earbud with Custom EQ Profile, Quad Mic ENC & 50H Playtime, Ultra Low 50ms Game Mode, Walnut",8999,8,99.91,₹919 | ₹8999 | ₹8,No,,4.5,435,16 mins,electronics,8999
"Noise Buds Nero TWS Earbuds with Rubberised Finish, Quad Mic ENC & 45H Playtime - Charcoal Black",3499,2,99.94,₹699 | ₹3499 | ₹2,No,,,3499,16 mins,electronics,3499
"Fire-Boltt Fire Pods Aero Ultra TWS Earbud with Custom EQ Profile, Quad Mic ENC & 50H Playtime, Ultra Low 50ms Game Mode, Black Metal",8999,8,99.91,₹999 | ₹8999 | ₹8,No,,4.4,711,16 mins,electronics,8999
"Portronics Harmonics Twins S3 Smart TWS Earbuds with 20 Hrs Playtime, Bluetooth 5.2, 8mm Drivers, Lightweight Design - Black",1999,1,99.95,₹649 | ₹1999 | ₹1,No,,,1999,16 mins,electronics,1999
"GOBOULT K10 in Ear TWS Earbuds with 50H Playtime, 4 Mic Clear Calling, 45ms Low Latency, 10mm Drivers, Touch Control, Type-C Fast Charging,TWS Ear Buds Wireless - Pure Black",2499,1,99.96,₹799 | ₹2499 | ₹1,No,,3.3,402,16 mins,electronics,2499
Swiss Military Audio Earbuds - Zeus Plus | Blue,4690,4,99.91,₹599 | ₹4690 | ₹4,No,,3.6,342,16 mins,electronics,4690
"truke Buds F1 Ultra TWS in Ear Earbuds Spatial Audio Experience, 60H Playtime Ear Buds, Quad Mics Crystal-Clear Calls, Fast Charging, Bluetooth 5.3, Noise Cancellation, Gaming Mode - Black",2999,2,99.93,₹799 | ₹2999 | ₹2,No,,4.5,2999,16 mins,electronics,2999
"truke BTG Ultra Truly Wireless Bluetooth Earbuds with 60H Battery, 360 Spatial Audio - Metal Black",2999,2,99.93,₹899 | ₹2999 | ₹2,No,,4.1,783,16 mins,electronics,2999
"GOBOULT Z40 Pro TWS Earbuds with 100H Playtime,Quad Mic ENC,45ms Low Latency Gaming,Premium Rubber Grip Case,13mm Bass Drivers,Made in India TWS - Midnight, Black",5499,4,99.93,₹1299 | ₹5499 | ₹4,No,,3.7,835,16 mins,electronics,5499
"Portronics Harmonics Twins S7 in Ear TWS Earbuds with 35Hrs Playtime, Auto ENC, Quad Mic,13mm Driver, Touch Control, BT 5.3v, Voice Assistant, Type C Charging Port - White",1999,1,99.95,₹909 | ₹1999 | ₹1,No,,3.2,102,16 mins,electronics,1999
Nu Republic Epic ANC TWS Earbuds (Black/Yellow),3999,3,99.92,₹799 | ₹3999 | ₹3,No,,,127,16 mins,electronics,3999
"GOBOULT X Mustang Torq in Ear TWS Earbuds with 50H Playtime, App Support, Quad Mic ENC, 45ms Low Latency, Breathing LEDs, 13mm Drivers, Touch Control, Made in India IPX5 Ear Buds TWS Bluetooth 5.4 - Mustang Torq Blue",5999,1,99.98,₹4380 | ₹5999 | ₹1,No,,2.7,782,16 mins,electronics,5999
"boAt Nirvana Ion ANC TWS Earbuds w/ 120H Playtime, ANC upto 32dB & In-Ear Detection (Quartz White)",9990,8,99.92,₹1999 | ₹9990 | ₹8,No,,4.5,127,16 mins,electronics,9990
"boAt Immortal 181 in Ear TWS Gaming Earbuds with up to 40 hrs Playtime,Quad Mics with ENx Tech,Beast Mode with 40ms Latency,ASAP Charge,IPX4,IWP, RGB LED Lights, BTv5.3 - White Sabre",3499,2,99.94,₹999 | ₹3499 | ₹2,No,,3.5,532,16 mins,electronics,3499
"Portronics Harmonics Twins S6 TWS Earbuds with 50Hrs Playtime, Low Latency, Auto ENC, Quad Mics, 10mm Drivers, IPX4 Water Resistant, ASAP Charge, BT5.3, Touch Control, Type C Charging Port(Black)",2999,2,99.93,₹869 | ₹2999 | ₹2,No,,3.8,159,16 mins,electronics,2999
"GOBOULT K10 in Ear TWS Earbuds with 50H Playtime, 4 Mic Clear Calling, 45ms Low Latency, 10mm Drivers, Touch Controls, Type-C Fast Charging - Ice Blue",2499,1,99.96,₹849 | ₹2499 | ₹1,No,,4.3,586,16 mins,electronics,2499
"Noise VS104 TWS Earbuds with 45H of Playtime, Quad Mic with ENC, Instacharge(10 Min), 13Mm Driver, Low Latency, BT V5.2 - Charcoal Black",3499,2,99.94,₹1099 | ₹3499 | ₹2,No,,3.5,836,16 mins,electronics,3499
"boAt Airdopes 111 v2 TWS Ear Buds with mic, Premium Leather Finish, 4Mics ENx,50HRS Battery, Free Music Streaming,13mm Drivers,Fast Charge,Dual Pair, Bluetooth Earbuds - Ivory White",4990,3,99.94,₹1199 | ₹4990 | ₹3,No,,4.8,213,16 mins,electronics,4990
"truke BTG Ultra Truly Wireless Bluetooth Earbuds with 60H Battery, 360 Spatial Audio - Mint Mist",2999,2,99.93,₹899 | ₹2999 | ₹2,No,,4.3,164,16 mins,electronics,2999
Nu Republic Epic X4 With 52 Hrs Playtime Tws Earbuds | Blue,3499,2,99.94,₹759 | ₹3499 | ₹2,No,Nu Republic Epic X4 With 52 Hrs Playtime Tws Earbuds | Blue,4.3,242,16 mins,electronics,3499
Dubstep Buzz X8 with 56 Hrs Playtime ENC TWS Earbuds | Neon Green,2999,2,99.93,₹699 | ₹2999 | ₹2,No,Dubstep Buzz X8 with 56 Hrs Playtime ENC TWS Earbuds | Neon Green,4.3,862,16 mins,electronics,2999
Portronics Harmonics Twins 28 (POR2242) Smart TWS Earbuds - White,2999,1,99.97,₹1199 | ₹2999 | ₹1,No,,3.9,63,16 mins,electronics,2999
"GOBOULT W20 in Ear TWS Earbuds with 40H Playtime, Zen ENC Mic, 45ms Low Latency, 13mm Bass Drivers, Type-C Fast Charging, Touch Controls, IPX5 Ear Buds - Space Black",2499,1,99.96,₹799 | ₹2499 | ₹1,No,,4.4,771,16 mins,electronics,2499
"boAt Airdopes Ultra Plus TWS Earbuds With 50 Hrs Playback, 4-mic Enx Technology(Sporty Blue)",4990,3,99.94,₹1099 | ₹4990 | ₹3,No,,,125,16 mins,electronics,4990
Open Box Delivery,12900,901,93.02,₹11999 | ₹12900 | ₹901 | ₹1150,No,,4.4,178,16 mins,electronics,12900
Noise Buds VS102 Pro Truly Wireless Bluetooth Earbuds - Aurora Green,4999,3,99.94,₹1299 | ₹4999 | ₹3,No,,3.2,340,16 mins,electronics,4999
"Noise Buds N1 Pro TWS Earbuds with Metallic Finish, ANC(Upto 30Db), 60H of Playtime, Dual Pairing, Instacharge, BT V5.3 - Chrome Green",4999,3,99.94,₹1399 | ₹4999 | ₹3,No,,3.6,321,16 mins,electronics,4999
"UBON Air Tiger Wireless Earbud with 40 Hours Playtime, Touch Control True wireless Earphone",1499,550,63.31,₹949 | ₹1499 | ₹550,No,,4.6,339,16 mins,electronics,1499
"boAt Nirvana Ion ANC Pro TWS Earbuds, Hi-Res Audio with LDAC, ANC, 120 HRS Playback, MultiPoint Bluetooth - Rose Quartz",13990,11,99.92,₹2299 | ₹13990 | ₹11,No,,4.3,352,16 mins,electronics,13990
Noise Buds VS102 Elite Truly Wireless Bluetooth Earbuds - Calm Beige,3499,2,99.94,₹999 | ₹3499 | ₹2,No,,3.5,197,16 mins,electronics,3499
"Leaf Buds X614 True Wireless ANC Earbuds With Ai Sound App, 30H Playtime, BTv5.3, Carbon Black",3999,2,99.95,₹1299 | ₹3999 | ₹2,No,"Leaf Buds X614 True Wireless ANC Earbuds With Ai Sound App, 30H Playtime, BTv5.3, Carbon Black",,144,16 mins,electronics,3999
Noise Air Buds 6 Truly Wireless Bluetooth Earbuds - Pebble Grey,3499,500,85.71,₹2999 | ₹3499 | ₹500,No,,,61,16 mins,electronics,3499
SnapUp Snapods S511 Ion True Wireless in-ear Earbuds - Deep Black,5999,5,99.92,₹839 | ₹5999 | ₹5,No,,4.4,900,16 mins,electronics,5999
Noise AirBuds 6 Truly Wireless Bluetooth Earbuds - Sage Blue,3499,500,85.71,₹2999 | ₹3499 | ₹500,No,,4.9,74,16 mins,electronics,3499
boAt Nirvana Ion TWS Earbuds w/ 120 HRS Playback & Crystal Bionic Sound (Charcoal Black),7990,6,99.92,₹1799 | ₹7990 | ₹6,No,,4.2,863,16 mins,electronics,7990
"boAt Airdopes 111V2 TWS Earbuds with mic, Premium Leather Finish, 4Mics ENx, 50HRS Battery, 13mm Drivers, Fast Charge, Dual Pair, v5.4 Bluetooth - Classic Black",4990,3,99.94,₹1399 | ₹4990 | ₹3,No,,4.2,401,16 mins,electronics,4990
"Noise Buds Vs102 Elite TWS Earbuds with 50Hr Playtime, ENC, Quad Mic, Chrome finish Flybird Design Bluetooth - Forest Green",3499,2,99.94,₹999 | ₹3499 | ₹2,No,,3.8,741,16 mins,electronics,3499
"Noise N1 Pro TWS Earbuds with Metallic Finish, ANC(Upto 30Db), 60H of Playtime, Dual Pairing, Instacharge(10 Min), BT V5.3 - Chrome Black",4999,3,99.94,₹1399 | ₹4999 | ₹3,No,,3.5,354,16 mins,electronics,4999
Noise Buds VS104 Truly Wireless Bluetooth Earbuds - Midnight Blue,3499,2,99.94,₹1099 | ₹3499 | ₹2,No,,,201,16 mins,electronics,3499
Noise Buds VS404 Truly Wireless Bluetooth Earbuds - Forest Green,3499,2,99.94,₹999 | ₹3499 | ₹2,No,,2.8,169,16 mins,electronics,3499
Noise Air Buds 6 Truly Wireless Bluetooth Earbuds - Charcoal Black,3499,500,85.71,₹2999 | ₹3499 | ₹500,No,,2.4,73,16 mins,electronics,3499
Noise Buds Verve 2 Truly Wireless Bluetooth Earbuds - Forest Green,3999,2,99.95,₹1499 | ₹3999 | ₹2,No,,4.2,72,16 mins,electronics,3999
Noise Buds VS102 Plus Truly Wireless Bluetooth Earbuds - Serene Blue,3999,2,99.95,₹1099 | ₹3999 | ₹2,No,,3.9,208,16 mins,electronics,3999
"Portronics Harmonics Twins 28 ANC TWS in Ear Earbuds with Smart Touch Control, 50 Hours Playback, Quad Mic ENC, Low Latency, 13mm Dynamic Driver, IPX 5 Water Resistant, Fast Type C Charging - Black",2999,1,99.97,₹1199 | ₹2999 | ₹1,No,,3.8,196,16 mins,electronics,2999
"UBON Champion Wireless Earbud with 40 Hours Playtime, Touch Control True wireless Earphone",2499,1,99.96,₹779 | ₹2499 | ₹1,No,,4.7,469,16 mins,electronics,2499
Cellecor Bropods C105 Tune TWS Noise Cancellation Earbuds | 50ms Low Latency | Fast Charging - Type-C | Yellow,3999,3,99.92,₹829 | ₹3999 | ₹3,No,,4.8,91,16 mins,electronics,3999
Nu Republic Epic X4 With 52 Hrs Playtime ENC TWS Earbuds - Green,3499,2,99.94,₹849 | ₹3499 | ₹2,No,Nu Republic Epic X4 With 52 Hrs Playtime ENC TWS Earbuds - Green,4.2,67,16 mins,electronics,3499
"boAt Airdopes 393 ANC TWS Earbuds W/ 32db Hybrid ANC, Quad Mics With Enx Tech(Ivory White)",4990,2,99.96,₹2338 | ₹4990 | ₹2,No,,4.6,411,16 mins,electronics,4990
