Name,Original Price,Discounted Price,Discount Percent,Premium,quantity,Rating,Review Count,Delivery Time,Category,selling price 
"Engage W2 Perfume for Women, Floral",230,93,59.57,No,120 ml,4.6,230,12 mins,fragrances,137
Park Avenue Pure Collection Trance Perfume Spray,199,51,74.37,No,135 ml,4.3,199,12 mins,fragrances,148
Wild Stone Edge Perfume for Men,699,324,53.65,No,100 ml,4.7,699,12 mins,fragrances,375
The Man Company Signature Perfume Duo,498,214,57.03,No,100 ml,3.9,751,12 mins,fragrances,284
"Engage ON Cool Marine Pocket Perfume For Men, Citrus",70,9,87.14,No,18 ml,4.5,70,12 mins,fragrances,61
The Man Company Black EDT Perfume for Men,2499,2,99.92,No,100 ml,4.4,629,12 mins,fragrances,2497
Secret Temptation Te Amo Aqua No Gas Perfume Body Spray for Women,250,86,65.6,No,120 ml,4.4,250,12 mins,fragrances,164
Bella Vita Organic Luxury Perfumes Gift Set For Women,849,300,64.66,No,20 ml,4.6,849,12 mins,fragrances,549
Bella Vita Organic Unisex Luxury Perfume Gift Set,849,300,64.66,No,20 ml,4.7,849,12 mins,fragrances,549
Villain Snake Perfume For Men Strong Smoky Sexy And Masculine,799,356,55.44,No,100 ml,4.6,799,12 mins,fragrances,443
Villain Perfume Eau De Parfum,799,321,59.82,No,100 ml,4.5,926,12 mins,fragrances,478
Engage W1 Perfume Spray For Women,230,66,71.3,No,120 ml,4.4,914,12 mins,fragrances,164
Park Avenue Good Morning Perfume For Men Fresh Long Lasting Fragrance,225,65,71.11,No,150 ml,4.2,225,12 mins,fragrances,160
Wild Stone Body Perfume For Men,275,101,63.27,No,120 ml,4.4,275,12 mins,fragrances,174
Wild Stone Ultra Sensual Perfume,699,276,60.52,No,100 ml,4.7,699,12 mins,fragrances,423
"Engage ON Cool Aqua Pocket Perfume For Women, Floral",70,5,92.86,No,8 ml,4.7,440,12 mins,fragrances,65
Villain Exotic Oud Luxury Premium Long,399,136,65.91,No,50 ml,4.2,642,39 mins,fragrances,263
Secret Temptation Romance Eau De Parfum For Women,699,324,53.65,No,100 ml,4.4,443,12 mins,fragrances,375
Beardo Godfather Long Lasting Perfume For Men Eau De Parfum,699,115,83.55,No,100 ml,4.6,373,39 mins,fragrances,584
Villain Legacy Classic Luxury Premium Long Lasting Fragrance Eau De Perfum For Men,399,136,65.91,No,50 ml,4.5,399,12 mins,fragrances,263
La French Cuddle Perfume,299,99,66.89,No,30 ml,4.4,949,12 mins,fragrances,200
Villain Hydra Perfume 100 Ml,799,343,57.07,No,100 ml,4.4,712,12 mins,fragrances,456
Fastrack Night Out Eau De Parfum For Men,845,329,61.07,No,100 ml,4.5,170,12 mins,fragrances,516
Wild Stone Code Steel Body Perfume,350,133,62,No,150 ml,4.7,350,12 mins,fragrances,217
Engage Vibes Perfume Spray Set For Men,699,345,50.64,No,25 ml,4.3,368,39 mins,fragrances,354
Fraganote Unisex Vanilla Wood Eau De Parfum,1699,634,62.68,No,50 ml,4.6,978,39 mins,fragrances,1065
Beardo Bestseller Perfumes Giftset,600,87,85.5,No,20 ml,4.4,237,12 mins,fragrances,513
Engage Femme Eau De Parfum for Women,449,172,61.69,No,50 ml,4.5,190,12 mins,fragrances,277
Park Avenue Voyage Amazon Woods Perfume Body Spray,349,150,57.02,No,120 ml,4.6,349,12 mins,fragrances,199
"Engage ON Classic Woody Pocket Perfume For Men, Citrus",70,5,92.86,No,17 ml,4.6,630,12 mins,fragrances,65
"Hira Spoiled Sweet Eau De Perfume Mini for Women with Pear, Hazelnut",199,94,52.76,No,5 ml,4.4,52,39 mins,fragrances,105
"Engage M1 Perfume for Men, Citrus",230,60,73.91,No,120 ml,4.2,230,12 mins,fragrances,170
Engage Luxury Perfume Gift Set for Men,999,412,58.76,No,120 ml,4.6,711,39 mins,fragrances,587
Bella Vita Organic Ceo Man Eau De Parfum For Men Long,899,449,50.06,No,100 ml,4.5,899,12 mins,fragrances,450
Hira Red Flag Eau De Perfume Mini for Women with Tuberose,199,94,52.76,No,5 ml,4.5,738,39 mins,fragrances,105
Engage Yin Eau De Parfum for Men,449,172,61.69,No,50 ml,4.2,115,12 mins,fragrances,277
Park Avenue Euphoria Eau De Parfum Premium Perfume for Men,799,398,50.19,No,100 ml,4.6,799,12 mins,fragrances,401
Engage Vibes Perfume Spray Set For Women,699,345,50.64,No,25 ml,4.5,590,12 mins,fragrances,354
Puresense Saffron And Oud Long Lasting Fragrance Eau De Parfum,499,71,85.77,No,50 ml,4.7,71,12 mins,fragrances,428
The Man Company Eau De Parfum Destiny,999,475,52.45,No,100 ml,4.7,175,12 mins,fragrances,524
Carlton London Limited Edition Incense Perfume,1990,1,99.95,No,100 ml,3.5,159,12 mins,fragrances,1989
Villain Rebel Combo Premium Perfume Gift Set For Men Eau De Perfume,999,494,50.55,No,100 ml,4.6,614,12 mins,fragrances,505
Ajmal Aretha Eau De Perfume Fruity Perfume Long Lasting Scent Spray Party Wear Gift For Women,1000,372,62.8,No,50 ml,3.9,184,39 mins,fragrances,628
La French Bespoke Perfume,299,108,63.88,No,30 ml,4.5,700,12 mins,fragrances,191
Villain Unstoppable Mischief Premium Long Lasting Fragrance Eau De Perfum For Men,399,148,62.91,No,50 ml,4.4,675,39 mins,fragrances,251
Ustraa Scuba Cologne,899,359,60.07,No,50 ml,4.4,234,12 mins,fragrances,540
DENVER Hamilton EDP,699,260,62.8,No,100 ml,4.6,942,12 mins,fragrances,439
Secret Temptation Dream Eau De Parfum For Women,699,305,56.37,No,100 ml,4.9,337,39 mins,fragrances,394
Park Avenue Harmony Eau De Parfum Premium Perfume for Men,799,398,50.19,No,100 ml,4.6,892,12 mins,fragrances,401
Park Avenue Voyage Obsession,399,160,59.9,No,50 ml,4.3,384,12 mins,fragrances,239
Bella Vita Unisex Night Fever Edp Long Lasting Perfume For Men And Women,899,424,52.84,No,100 ml,4.6,586,12 mins,fragrances,475
Fastrack Perfume Women Beat,895,347,61.23,No,100 ml,4.4,283,39 mins,fragrances,548
Bella Vita Honey Oud Unisex Eau De Perfume,999,450,54.95,No,100 ml,4.6,999,12 mins,fragrances,549
Park Avenue Conquer Eau De Parfum Premium Perfume for Men,799,313,60.83,No,100 ml,4.3,589,12 mins,fragrances,486
mCaffeine The Addiction Collection 80Ml,799,391,51.06,No,20 ml,4.2,338,39 mins,fragrances,408
Yardley London Gentleman Classic Perfume for Men,649,238,63.33,No,100 ml,4.1,138,12 mins,fragrances,411
DENVER Hamilton Perfume For Men,450,186,58.67,No,70 ml,4.5,913,12 mins,fragrances,264
Engage Yang Eau De Parfum for Women,449,172,61.69,No,50 ml,4.6,144,12 mins,fragrances,277
Ajmal Silver Shade Edp 100Ml Long Lasting Scent Spray Citrus Perfume Gift For Men,2000,811,59.45,No,100 ml,4.9,189,39 mins,fragrances,1189
"Park Avenue Oud, Eau De Parfum Men, Long Lasting Perfume for Men",999,429,57.06,No,100 ml,3.9,186,12 mins,fragrances,570
Plum BodyLovin' Vanilla Vibes Eau De Parfum,325,73,77.54,No,15 ml,4.7,487,12 mins,fragrances,252
Villain Revolver Eau De Parfum For Men Gold Edition Eau De Perfume Premium Long Lasting,1499,701,53.24,No,100 ml,4.8,151,39 mins,fragrances,798
"Engage Femme Eau De Parfum for Women, Citrus and Floral Fragrance Scent",649,217,66.56,No,100 ml,4.5,845,12 mins,fragrances,432
Wild Stone Hydra Energy Perfume For Men,699,276,60.52,No,100 ml,4.7,699,12 mins,fragrances,423
Engage One Soul Gender,649,199,69.34,No,100 ml,3.8,305,12 mins,fragrances,450
PureSense Opulence Perfume Gift Set For Men,849,42,95.05,No,100 ml,,56,12 mins,fragrances,807
Plum BodyLovin' Vanilla Caramello Eau De Parfum,899,216,75.97,No,50 ml,4.5,261,12 mins,fragrances,683
Engage Vibes Perfume Spray Set For Men,699,286,59.08,No,25 ml,4.4,421,12 mins,fragrances,413
Bella Vita Vanilla Gourmet Collection Edp Unisex Perfume For Men And Women 100 ml,799,200,74.97,No,100 ml,4.6,154,39 mins,fragrances,599
Engage Homme Eau De Parfum for Men,449,176,60.8,No,50 ml,3.5,123,12 mins,fragrances,273
Ajmal Yearn Eau De Perfume Aquatic Perfume Long Lasting Scent Spray Party Wear Gift For Men,1500,1,99.93,No,100 ml,4.5,256,39 mins,fragrances,1499
Villain Oud Eau De Parfumpremium Luxury Perfume For Men,799,343,57.07,No,100 ml,4.4,734,12 mins,fragrances,456
Bella Vita Organic Luxury Skai Aquatic Unisex Eau De Cologne Perfume,699,214,69.38,No,100 ml,4.8,699,12 mins,fragrances,485
Wild Stone Edge Forest Spice Hydra Energy And Ultra Sensual Perfume Combo For Men,999,489,51.05,No,100 ml,4.6,891,39 mins,fragrances,510
Villain Desire Eau De Parfum With Vanilla Amber And Patchouli,799,343,57.07,No,100 ml,4.5,470,12 mins,fragrances,456
Secret Temptation Mini Perfume Gift Pack of 4,799,343,57.07,No,100 ml,4.5,445,12 mins,fragrances,456
Body Cupid Luxury Perfume Gift Set for Her Long Lasting Fragrances,1199,479,60.05,No,100 ml,4.7,471,12 mins,fragrances,720
Bella Vita Organic Luxury Date Perfume,999,450,54.95,No,100 ml,4.5,999,12 mins,fragrances,549
"Engage Luxury Perfume Gift Set for Women, Travel Sized, Assorted Pack",999,387,61.26,No,100 ml,4.6,768,39 mins,fragrances,612
Freed Queen Energy Perfume For Women Eau De Parfum,899,446,50.39,No,80 ml,4.9,161,12 mins,fragrances,453
BELLAVITA Unisex Narco Edp Long Lasting Perfume For Men And Women,899,399,55.62,No,100 ml,4.7,425,39 mins,fragrances,500
Bella Vita Luxury Hot Mess Eau De Parfum Perfume for Women,1099,300,72.7,No,100 ml,,100,12 mins,fragrances,799
BELLAVITA Blush Unisex Edp Perfume For Men And Women,899,334,62.85,No,100 ml,4.6,298,39 mins,fragrances,565
"Engage Verona Perfume for Women, Citrus",649,199,69.34,No,100 ml,4.4,337,12 mins,fragrances,450
Villain Luxury Villain Party Combo Premium Long Lasting Perfume For Men,1598,789,50.63,No,100 ml,4.5,625,39 mins,fragrances,809
Park Avenue Signature Perfume Gift Set For Men 2 Deo 1 Eau De Perfume,899,326,63.74,No,350 ml,4.4,756,12 mins,fragrances,573
Skinn By Titan Raw Perfume For Men Edp,695,107,84.6,No,20 ml,4.4,410,12 mins,fragrances,588
Plum Bodylovin' Vanilla Vibes Eau De Parfum,799,207,74.09,No,50 ml,4.8,113,39 mins,fragrances,592
Fraganote Unisex Spice Wood Eau De Parfum,1699,665,60.86,No,50 ml,4.5,367,39 mins,fragrances,1034
Skinn By Titan Celeste Perfume For Women Edp,695,104,85.04,No,20 ml,4.8,225,12 mins,fragrances,591
Bella Vita Organic All Star Edp Perfume Gift Set For Men,849,274,67.73,No,80 ml,4.2,91,12 mins,fragrances,575
Renee Floral Fest Eau De Parfum,599,110,81.64,No,50 ml,4.5,879,39 mins,fragrances,489
Renee Disney Fairytale Perfume Combo,750,128,82.93,No,50 ml,4.5,731,39 mins,fragrances,622
The Love Co Solid Perfume,699,43,93.85,No,12 ml,4.5,420,39 mins,fragrances,656
Yardley London Morning Dew Perfume Fresh Floral Scent for Women,649,217,66.56,No,100 ml,4.5,85,39 mins,fragrances,432
Bella Vita Mango Gourmet Collection Edp Unisex Perfume For Men And Women 100 ml,799,200,74.97,No,100 ml,4.5,102,12 mins,fragrances,599
Park Avenue Euphoria and Harmony Eau De Perfume Gift Set for Men,1499,654,56.37,No,100 ml,4.9,469,12 mins,fragrances,845
Carlton London Limited Edition Blush Perfume,2190,1,99.95,No,100 ml,4.4,145,12 mins,fragrances,2189
"Engage Homme Perfume for Men, Citrus",649,217,66.56,No,100 ml,4.4,231,12 mins,fragrances,432
"Engage Yin Perfume for Men, Spicy",649,195,69.95,No,100 ml,4.2,270,39 mins,fragrances,454
Skinn By Titan Raw Perfume For Men Edp,1995,299,85.01,No,50 ml,4.5,191,12 mins,fragrances,1696
Park Avenue Luxury Men Perfume Gift Set For Men,849,391,53.95,No,20 ml,4.7,849,12 mins,fragrances,458
Bella Vita Luxury White Oud Eau De Parfum Unisex Perfume for Men,999,450,54.95,No,100 ml,4.5,605,12 mins,fragrances,549
Skinn Tales Vanilla Eau De Parfum For Her,1095,526,51.96,No,100 ml,,97,12 mins,fragrances,569
Armaf Tres Nuit Men Perfume,2295,115,94.99,No,100 ml,4.4,678,39 mins,fragrances,2180
Bella Vita Organic Be Iconic Edp Perfume Gift Set For Women,849,274,67.73,No,80 ml,4.8,103,39 mins,fragrances,575
Ajmal Blu Dreams Edp Long Lasting Scent Spray Fougere Perfume Gift For Men,799,297,62.83,No,100 ml,3.7,314,39 mins,fragrances,502
Beardo Three Worlds Of Oud Luxury Perfume Giftset,699,188,73.1,No,60 ml,4.4,172,12 mins,fragrances,511
Ustraa After Dark Cologne,899,440,51.06,No,100 ml,4.1,247,12 mins,fragrances,459
Bella Vita Pistachio Gourmet Collection Edp Unisex Perfume For Men And Women 100 ml,799,200,74.97,No,100 ml,4.6,109,39 mins,fragrances,599
"Engage Amber Hues Perfume For Men, Ambery",649,198,69.49,No,100 ml,4.2,350,12 mins,fragrances,451
BELLAVITA Unisex Devil Edp Long Lasting Perfume For Men And Women,899,399,55.62,No,100 ml,4.8,407,39 mins,fragrances,500
mCaffeine Fien Rush,799,229,71.34,No,4 pcs,3.3,120,12 mins,fragrances,570
Renee Eau De Parfum Dark Desire,350,51,85.43,No,15 ml,4.6,330,12 mins,fragrances,299
ENVY Natural Spray Women Luxury Perfume Scent,399,115,71.18,No,70 ml,4.2,165,39 mins,fragrances,284
BSC Scentsutra Perfume Gift Set for Women,1499,1,99.93,No,30 ml,4.8,271,12 mins,fragrances,1498
Beardo Best,1200,334,72.17,No,20 ml,4.9,162,39 mins,fragrances,866
HIRA Women's Perfume,1799,313,82.6,No,30 g,4.5,308,12 mins,fragrances,1486
Bella Vita Luxury KLUB Perfume,799,250,68.71,No,100 ml,,610,12 mins,fragrances,549
Plum Bodylovin' Hawaiian Rumba Eau De Parfum,325,70,78.46,No,15 ml,4.9,362,39 mins,fragrances,255
Park Avenue Eau De Perfume Liquid Premium Gift Kit For Men,1599,732,54.22,No,50 ml,4.6,219,12 mins,fragrances,867
Skinn By Titan Nude Perfume For Women Edp,695,125,82.01,No,20 ml,4.8,194,39 mins,fragrances,570
Plum Luxe Perfumes Gift,999,200,79.98,No,45 ml,4.1,84,39 mins,fragrances,799
Body Cupid Luxury Perfume Gift Set for Men Long Lasting Fragrances,1199,421,64.89,No,46 ml,4.8,359,12 mins,fragrances,778
BELLAVITA Unisex Pure Musk Edp Long Lasting Perfume For Men And Women,899,399,55.62,No,100 ml,3.6,483,12 mins,fragrances,500
Adilqadri Aq 365 Perfume for men and women French,1199,402,66.47,No,100 ml,4.2,183,39 mins,fragrances,797
Renee Madame Eau De Parfum,399,67,83.21,No,20 ml,4.2,772,39 mins,fragrances,332
Hira Silk Robe Eau De Perfume Mini for Women with Cognac,199,94,52.76,No,5 ml,4.2,297,39 mins,fragrances,105
Clensta White Oud Eau De Perfume,499,25,94.99,No,100 ml,4.5,834,12 mins,fragrances,474
"Engage Luxury Perfume Gift Pack for Men, Travel Sized, Assorted Pack",999,442,55.76,No,100 ml,4.5,549,12 mins,fragrances,557
Contraband Have It All Eau De Parfum,1750,88,94.97,No,30 ml,4.5,160,39 mins,fragrances,1662
Ajmal Luxury Unisex Eau De Parfum Gift Set 4 x 20ml,999,430,56.96,No,80 ml,4.7,84,39 mins,fragrances,569
Skinn By Titan Celeste Perfume For Women Edp,1995,359,82.01,No,50 ml,4.5,143,12 mins,fragrances,1636
Wild Stone Code Terra Eau De Parfum Mature And Sleek Personality Premium Perfume For Men,1299,623,52.04,No,100 ml,4.4,187,12 mins,fragrances,676
"Engage Yang Eau De Parfum for Women, Floral",649,217,66.56,No,100 ml,4.3,370,12 mins,fragrances,432
Skinn By Titan Raw And Verge Nos Perfumes For Men Edp,1995,95,,No,25 ml,4.1,162,12 mins,fragrances,1900
Carlton London Escape Perfume Women,1890,1,99.95,No,100 ml,4.6,201,39 mins,fragrances,1889
Carlton London Explorer Discovery Perfume Tester Pack for Men,1690,1,99.94,No,100 ml,3.3,127,12 mins,fragrances,1689
HIRA After Hours Eau De Perfume For Men,1999,480,75.99,No,50 ml,4.5,524,39 mins,fragrances,1519
Skinn By Titan Steele Perfume For Men Edp,695,104,85.04,No,20 ml,4.6,172,12 mins,fragrances,591
Ajmal Blu Edp Ml Long Lasting Scent Spray Citrus Perfume Gift For Men,3000,711,76.3,No,50 ml,,76,39 mins,fragrances,2289
Ajmal Discovery Set Of 5 Eau De Perfume,1199,454,62.14,No,20 ml,3.9,149,12 mins,fragrances,745
Yardley London Autumn Bloom Daily Wear Perfume,649,216,66.72,No,100 ml,4.3,319,39 mins,fragrances,433
Armaf Ventana Homme Perfume,2490,125,94.98,No,100 ml,4.3,814,39 mins,fragrances,2365
Ajmal Kuro Edp Ml Long Lasting Scent Spray Fresh Perfume Gift For Men,3000,661,77.97,No,100 ml,4.6,113,39 mins,fragrances,2339
Skinn By Titan Verge Perfume For Men Edp,695,104,85.04,No,20 ml,4.3,156,12 mins,fragrances,591
Metaman Ha1o Luxury Perfumes Gift Set For Men,1199,478,60.13,No,100 ml,4.7,51,39 mins,fragrances,721
Skinn 24Seven Gift Pack Edp Perfume For Men,1745,262,84.99,No,100 ml,4.2,67,12 mins,fragrances,1483
Salvatore Ferragamo Signorina Misteriosa Eau De Parfum,10750,3,99.97,No,100 ml,4.2,864,39 mins,fragrances,10747
Clensta Luxury Men's Perfume Gift Set,549,37,93.26,No,80 ml,4.2,556,12 mins,fragrances,512
Tommy Hilfiger Impact Intense Eau De Parfum,6800,2,99.97,No,50 ml,4.6,374,39 mins,fragrances,6798
Bravoman Insense,1699,180,89.41,No,100 ml,4.2,952,39 mins,fragrances,1519
Fraganote Discovery Women's Eau De Parfum Set,1699,683,59.8,No,10 ml,4.6,903,39 mins,fragrances,1016
Bravoman Bravo Eau De Parfum Perfume For Men,1699,323,80.99,No,100 ml,4.7,827,39 mins,fragrances,1376
Bravoman Balsam,1699,323,80.99,No,100 ml,4.5,853,39 mins,fragrances,1376
HIRA Women's Perfume,1799,313,82.6,No,30 g,4.2,776,12 mins,fragrances,1486
HIRA Oak,1999,480,75.99,No,50 ml,4.2,956,39 mins,fragrances,1519
HIRA Men's Perfume,1799,313,82.6,No,50 ml,4.6,965,12 mins,fragrances,1486
HIRA Spoiled Sweet Eau De Perfume For Women,1999,481,75.94,No,50 ml,4.7,994,39 mins,fragrances,1518
Fogg Marco Body Spray For Men,275,136,50.55,No,150 ml,4.3,275,12 mins,fragrances,139
Bella Vita Organic Luxury Perfumes Gift Set For Women,899,350,61.07,No,80 ml,4.5,843,12 mins,fragrances,549
Bella Vita Organic Unisex Luxury Perfume Gift Set,994,362,63.58,No,80 ml,4.2,370,12 mins,fragrances,632
Bella Vita Organic Luxury Perfumes Gift Set For Men,899,350,61.07,No,80 ml,4.4,841,12 mins,fragrances,549
Bella Vita Organic Ceo Man Eau De Parfum For Men Long,1798,880,51.06,No,80 ml,4.3,661,12 mins,fragrances,918
Bella Vita Organic Luxury Perfumes Gift Set For Women Combo,1698,600,64.66,No,80 ml,4.7,526,12 mins,fragrances,1098
Bella Vita Organic Ceo Man Eau De Parfum For Men Long,1044,515,50.67,No,100 ml,4.3,978,12 mins,fragrances,529
Bella Vita Organic Unisex Luxury Perfume Gift Set,899,350,61.07,No,80 ml,4.2,743,12 mins,fragrances,549
"Park Avenue Euphoria, Eau De Parfum Men, Long Lasting Perfume For Men",898,348,61.25,No,100 ml,4.6,345,12 mins,fragrances,550
"Engage W2 Perfume For Women, Floral",415,133,67.95,No,120 ml,4.2,231,12 mins,fragrances,282
Bella Vita Organic Luxury Date Perfume,1049,508,51.57,No,100 ml,4.2,511,12 mins,fragrances,541
Bella Vita Organic Ceo Man Eau De Parfum For Men Long,1084,515,52.49,No,100 ml,4.6,850,12 mins,fragrances,569
"Engage W2 Perfume For Women, Floral",415,133,67.95,No,120 ml,4.3,437,12 mins,fragrances,282
Bella Vita Organic Luxury Perfumes Gift Set For Men,994,362,63.58,No,80 ml,4.7,748,12 mins,fragrances,632
"Engage Luxury Perfume Gift Pack For Men, Travel Sized, Assorted Pack",1184,482,59.29,No,100 ml,4.6,101,12 mins,fragrances,702
Bella Vita Organic Luxury Perfumes Gift Set For Men Combo,1698,600,64.66,No,100 ml,4.5,544,12 mins,fragrances,1098
"Engage Luxury Perfume Gift Pack For Men, Travel Sized, Assorted Pack",1144,482,57.87,No,100 ml,4.5,237,12 mins,fragrances,662
Park Avenue Luxury Men Perfume Gift Set For Men,994,431,56.64,No,80 ml,4.5,84,12 mins,fragrances,563
Bella Vita Organic Unisex Luxury Perfume Gift Set Combo,1698,600,64.66,No,80 ml,4.6,292,12 mins,fragrances,1098
Bella Vita Organic Luxury Perfumes Gift Set For Women,1034,340,67.12,No,80 ml,4.6,606,12 mins,fragrances,694
Bella Vita Organic Unisex Luxury Perfume Gift Set,1034,362,64.99,No,80 ml,4.2,637,12 mins,fragrances,672
Bella Vita Organic Luxury Date Perfume,1144,520,54.55,No,100 ml,4.6,465,12 mins,fragrances,624
Bella Vita Organic Luxury Perfumes Gift Set For Men,1148,385,66.46,No,80 ml,4.2,919,12 mins,fragrances,763
Park Avenue Euphoria And Harmony Eau De Perfume Gift Set For Men,1549,693,55.26,No,200 ml,4.4,334,12 mins,fragrances,856
Bella Vita Organic Luxury Date Perfume,1298,536,58.71,No,100 ml,4.4,221,12 mins,fragrances,762
Bella Vita Organic Luxury Perfumes Gift Set For Men,1034,362,64.99,No,80 ml,4.3,821,12 mins,fragrances,672
Bella Vita Organic Ceo Man Eau De Parfum For Men Long,1084,515,52.49,No,100 ml,4.6,955,12 mins,fragrances,569
Bella Vita Organic Luxury Perfumes Gift Set For Men,1034,362,64.99,No,80 ml,4.7,703,12 mins,fragrances,672
Park Avenue Euphoria And Harmony Eau De Perfume Gift Set For Men,1684,705,58.14,No,200 ml,4.4,691,12 mins,fragrances,979
Bella Vita Organic Luxury Perfumes Gift Set For Women,994,362,63.58,No,80 ml,4.2,175,12 mins,fragrances,632
Bella Vita Organic Luxury Perfumes Gift Set For Women,1148,385,66.46,No,80 ml,4.4,327,12 mins,fragrances,763
Bella Vita Organic Luxury Date Perfume,1184,520,56.08,No,100 ml,4.7,389,12 mins,fragrances,664
Park Avenue Luxury Men Perfume Gift Set For Men,1034,431,58.32,No,80 ml,4.7,432,12 mins,fragrances,603
Skinn By Titan Raw Perfume For Men Edp,2180,419,80.78,No,50 ml,4.4,66,12 mins,fragrances,1761
Park Avenue Luxury Men Perfume Gift Set For Men,1148,476,58.54,No,80 ml,4.7,319,12 mins,fragrances,672
Park Avenue Euphoria And Harmony Eau De Perfume Gift Set For Men,1798,739,58.9,No,200 ml,4.2,642,12 mins,fragrances,1059
Skinn By Titan Raw Perfume For Men Edp,2294,435,81.04,No,50 ml,4.6,673,12 mins,fragrances,1859
Bella Vita Organic Ceo Man Eau De Parfum For Men Long,1198,535,55.34,No,100 ml,4.7,361,12 mins,fragrances,663
Bella Vita Organic Unisex Luxury Perfume Gift Set,1148,385,66.46,No,80 ml,4.2,979,12 mins,fragrances,763
Skinn By Titan Raw Perfume For Men Edp,2140,419,80.42,No,50 ml,4.6,983,12 mins,fragrances,1721
