Name,Original Price,Discounted Price,Discount Percent,Premium,quantity,Rating,Review Count,Delivery Time,Category,selling Price
My First Activity Book Word Search,129,1,96.55,No,1 pcs,4.5,67,22 mins,books,128
2000+ Reward Stickers Book,220,94,57.27,No,2 pcs,4.9,78,22 mins,books,126
My First Book Of Writing Numbers ,60,11,81.67,No,1 pcs,4.5,945,22 mins,books,49
The Adventures of Sherlock Holmes,499,216,56.71,No,2 pcs,4.4,170,22 mins,books,283
Science Books For Kids,180,61,66.11,No,1 pcs,,71,22 mins,books,119
My First Big Picture Board Book Abc,120,21,82.5,No,2 pcs,4.7,68,22 mins,books,99
Kids Encyclopedia,155,60,61.29,No,2 pcs,4.8,82,22 mins,books,95
Shlokas and Mantras and Hanuman Chalisa for Kids Age 2+,110,39,64.55,No,2 pcs,4.6,88,22 mins,books,71
My First Sticker Book,135,60,55.56,No,1 pcs,2.9,82,22 mins,books,75
My First 1000 Words Book L 50 Topics With Engaging Picture Book For Early Learners,299,127,57.53,No,2 pcs,4.6,75,22 mins,books,172
My First Sticker Book,135,32,76.3,No,1 pcs,4.5,88,22 mins,books,103
Charlotte'S Web,399,140,64.91,No,3 pcs,4.3,622,22 mins,books,259
My World,350,136,61.14,No,2 pcs,3.6,73,22 mins,books,214
My Cute Board Book Abc,70,11,84.29,No,1 pcs,4.3,71,22 mins,books,59
My First Sticker Book,125,45,64,No,1 pcs,3.1,70,22 mins,books,80
Under the Ocean,200,67,66.5,No,2 pcs,,52,22 mins,books,133
My First Sticker Book,125,45,64,No,1 pcs,,82,22 mins,books,80
My First Big Picture Board Book Numbers 1,120,51,57.5,No,1 pcs,4.6,126,22 mins,books,69
Life Lessons,210,83,60.48,No,2 pcs,3.9,67,22 mins,books,127
My First Sticker Book,135,45,66.67,No,1 pcs,,77,22 mins,books,90
Moral Stories for Kids,125,42,66.4,No,2 pcs,,98,22 mins,books,83
Story Books for Kids,210,90,57.14,No,2 pcs,4.7,117,22 mins,books,120
Story Books for Kids,210,72,65.71,No,2 pcs,,90,22 mins,books,138
Cursive Writing Book,110,38,65.45,No,2 pcs,4.9,112,22 mins,books,72
My First Learning Library,395,160,59.49,No,3 pcs,4.9,86,22 mins,books,235
Story Books for Kids,350,151,56.86,No,3 pcs,,80,22 mins,books,199
My First Board Book Animals,155,56,63.87,No,1 pcs,4.6,151,22 mins,books,99
Reading Comprehension Activity Book for Kids,125,42,66.4,No,1 pcs,4.9,86,22 mins,books,83
My First Shapes and Colours Sticker Book,200,100,50,No,1 pcs,4.6,724,22 mins,books,100
Lost Bookshop,599,240,59.93,No,4 pcs,4.6,118,22 mins,books,359
My Cute Board Book Numbers,70,31,55.71,No,1 pcs,4.3,291,22 mins,books,39
108 Akbar Birbal Stories,180,62,65.56,No,2 pcs,4.6,107,22 mins,books,118
My First Mythology Tale,275,110,60,No,2 pcs,,80,22 mins,books,165
My First Classic For Children,999,405,59.46,No,4 pcs,4.3,816,22 mins,books,594
Story Book for Kids,275,92,66.55,No,2 pcs,4.2,409,22 mins,books,183
Brain Activity Book for Kids,155,35,77.42,No,1 pcs,3.9,153,22 mins,books,120
Story Books for Kids,420,182,56.67,No,2 pcs,,60,22 mins,books,238
Activity Book for Kids,250,104,58.4,No,2 pcs,,68,22 mins,books,146
Story Books for Kids,700,280,60,No,3 pcs,,59,22 mins,books,420
Story Book for Kids,275,96,65.09,No,1 pcs,4.2,952,22 mins,books,179
The Comfort Book,599,250,58.26,No,2 pcs,4.6,913,22 mins,books,349
Story Book for Kids,350,161,54,No,1 pcs,,75,22 mins,books,189
Story Books for Kids,350,132,62.29,No,2 pcs,4.5,99,22 mins,books,218
Story Book for Kids,350,137,60.86,No,1 pcs,4.5,53,22 mins,books,213
Bible Stories,180,68,62.22,No,2 pcs,,108,22 mins,books,112
Good Habits For Kids,205,84,59.02,No,1 pcs,,66,22 mins,books,121
Story Books for Kids,180,62,65.56,No,1 pcs,4.9,121,22 mins,books,118
Story Book for Kids,350,161,54,No,1 pcs,4.9,83,22 mins,books,189
Brain Boosting Activity Book for Kids,155,43,72.26,No,1 pcs,4.6,114,22 mins,books,112
Brain Boosting Activity Book Set,160,56,65,No,1 pcs,3.2,123,22 mins,books,104
Oswaal Books Lil Legends Know Me Series,276,61,77.9,No,2 pcs,4.3,713,22 mins,books,215
My First Board Book Animals,155,56,63.87,No,1 pcs,4.2,593,22 mins,books,99
Diary Of A Wimpy Kid No Brainer,599,190,68.28,No,1 pcs,4.4,65,22 mins,books,409
Brilliant Brain Activity Book 3+,280,89,68.21,No,1 pcs,4.4,630,22 mins,books,191
Dreamland My First Amazing and Ultimate Book Pack,500,171,65.8,No,2 pcs,4.6,257,22 mins,books,329
Moral Story Book for Kids,95,32,66.32,No,1 pcs,4.8,84,22 mins,books,63
Brain Booster Activity Books Set,400,170,57.5,No,2 pcs,4.3,73,22 mins,books,230
The Kalki Trilogy,999,380,61.96,No,3 pcs,4.4,413,22 mins,books,619
My First Sticker Book,135,31,77.04,No,1 pcs,,94,22 mins,books,104
The Best Of Dale Carnegie,999,480,51.95,No,3 pcs,4.3,939,22 mins,books,519
Story Books for Kids,180,70,61.11,No,1 pcs,3.4,73,22 mins,books,110
365 Math Activity Book,250,107,57.2,No,1 pcs,4.3,57,22 mins,books,143
My First Dinosaur Sticker Book,200,95,52.5,No,1 pcs,4.2,734,22 mins,books,105
My First Pop,199,78,60.8,No,1 pcs,4.7,193,22 mins,books,121
Moral Story Books for Kids,350,131,62.57,No,2 pcs,4.9,71,22 mins,books,219
Brilliant Brain Activity Book 4+,280,89,68.21,No,1 pcs,4.5,110,22 mins,books,191
My First Sticker Book,125,36,71.2,No,1 pcs,,71,22 mins,books,89
Story Books for Kids,210,72,65.71,No,1 pcs,4.3,86,22 mins,books,138
The Ram Chandra Series Boxset Of 4 Books,1695,776,54.22,No,4 pcs,4.3,929,22 mins,books,919
Brilliant Brain Activity Book 5+,280,89,68.21,No,1 pcs,,49,22 mins,books,191
Story Book for Kids,125,46,63.2,No,1 pcs,4.3,730,22 mins,books,79
Kids' First Library Box Set Of 20 Board Books L Gift Set For Kids,1399,652,53.4,No,5 pcs,3.7,68,22 mins,books,747
My First Board Book Animals,155,56,63.87,No,1 pcs,4.4,493,22 mins,books,99
Stories from Ramayana and Mahabharata,360,140,61.11,No,2 pcs,4.2,85,22 mins,books,220
My First Experiences Sticker Book: My First Sticker Books,249,85,65.86,No,1 pcs,4.7,342,22 mins,books,164
Activity Book for Kids,125,42,66.4,No,1 pcs,4.4,87,22 mins,books,83
Heroes Of Olympus Complete Collection,2499,1,99.96,No,7 pcs,4.7,516,22 mins,books,2498
Picture Talk and Conversation Book for Kids,125,43,65.6,No,1 pcs,4.7,92,22 mins,books,82
My First Board Book Animals,155,56,63.87,No,1 pcs,4.2,900,22 mins,books,99
My First Transport Sticker Book,200,85,57.5,No,1 pcs,4.7,248,22 mins,books,115
Mythology Tales,350,161,54,No,1 pcs,2.8,85,22 mins,books,189
"Kids' First 4 In 1 Board Book L Colors, Shapes, Alphabet, Numbers L Early Learning",299,125,58.19,No,1 pcs,4.7,78,22 mins,books,174
My First Board Book Animals Monkey,625,236,62.24,No,2 pcs,4.7,734,22 mins,books,389
Phonic Reader,240,94,60.83,No, 1 pcs,4.2,81,22 mins,books,146
Seek And Find,349,140,59.89,No,2 pcs,4.6,759,22 mins,books,209
My First Pop Up Fairy Tales,199,70,64.82,No,1 pcs,4.7,581,22 mins,books,129
My First Animals Sticker Book,200,83,58.5,No,1 pcs,4.2,62,22 mins,books,117
Harry Potter Box Set,4999,2,99.96,No,8 pcs,4.5,65,22 mins,books,4997
Story Books For Kids,180,70,61.11,No,1 pcs,,67,22 mins,books,110
Brain Activity Book for Kids,125,41,67.2,No,1 pcs,4.9,108,22 mins,books,84
My First Sticker Book,125,42,66.4,No,1 pcs,4.1,59,22 mins,books,83
Little Colouring Books for Kids,300,102,66,No,1 pcs,4.5,118,22 mins,books,198
My First Abc Sticker Book,200,95,52.5,No,1 pcs,4.6,57,22 mins,books,105
Writing Books For Kids,305,136,55.41,No,1 pcs,,60,22 mins,books,169
Dreamland My Super Fancy Glam Purse Pack,800,281,64.88,No,1 pcs,4.5,294,22 mins,books,519
Cursive Writing Books,220,84,61.82,No,1 pcs,4.2,87,22 mins,books,136
My First Sticker Book,135,39,71.11,No,1 pcs,4.4,468,22 mins,books,96
Story Books for Kids,395,149,62.28,No,2 pcs,4.4,302,22 mins,books,246
Maktub,499,193,61.32,No,3 pcs,4.3,419,22 mins,books,306
Story Books for Kids,550,211,61.64,No,3 pcs,4.7,521,22 mins,books,339
Oswaal Books Lil Legends Book Of Stickers For Kids,199,80,59.8,No,1 pcs,,55,22 mins,books,119
Story Books for Kids,420,177,57.86,No,2 pcs,,75,22 mins,books,243
Oswaal Books Lil Legends Book Of Stickers For Kids,199,41,79.4,No,1 pcs,4.5,834,22 mins,books,158
Sticker Books Fairy,500,200,60,No,2 pcs,4.3,120,22 mins,books,300
My Baby Record Book,300,121,59.67,No,1 pcs,4.4,495,22 mins,books,179
In the Jungle,200,62,69,No,1 pcs,4.8,54,22 mins,books,138
Story Books for Kids,500,231,53.8,No,2 pcs,4.1,57,22 mins,books,269
My First Sticker Books,500,199,60.2,No,2 pcs,4.9,78,22 mins,books,301
Dreamland Pop,800,281,64.88,No,3 pcs,4.6,282,22 mins,books,519
Harry Potter And The Philosopher's Stone,499,140,71.94,No,3 pcs,4.9,89,22 mins,books,359
Dreamland My Complete Kit of Nursery Books,1960,691,64.74,No,3 pcs,4.3,636,22 mins,books,1269
Dreamland Sticker Activity Book,750,261,65.2,No,3 pcs,4.7,275,22 mins,books,489
Dreamland Explore Encyclopedia Books Pack of 8 Books,2240,781,65.13,No,5 pcs,4.2,357,22 mins,books,1459
The Count of Monte Cristo,1199,468,60.97,No,3 pcs,4.3,246,22 mins,books,731
Dreamland My Complete Kit of Pre,1550,729,52.97,No,3 pcs,4.6,176,22 mins,books,821
Dreamland My Complete Kit of Kindergarten Books,3045,1,99.97,No,10 pcs,4.3,917,22 mins,books,304
Chrome Pocket Watercolor Painting Book 20 Pages For Kids,80,25,68.75,No,1 pcs,2.7,132,22 mins,books,55
Shapes,49,1,97.96,No,1 pcs,4.3,833,22 mins,books,48
Fruits,49,1,97.96,No,1 pcs,4.3,984,22 mins,books,48
Art,70,11,84.29,No,1 pcs,4.8,71,22 mins,books,59
First All in One Writing Book,125,46,63.2,No,1 pcs,,99,22 mins,books,79
Oswaal Books Lil Legends Book Of Copy Colouring For Kids,59,1,,No,1 pcs,,81,22 mins,books,58
My First Sticker Book Shapes and Colours,135,31,77.04,No,1 pcs,3.8,122,22 mins,books,104
Motivation,150,71,52.67,No,1 pcs,,77,22 mins,books,79
Oswaal Books Lil Legends Creative Crayon Colouring Book,199,80,59.8,No,1 pcs,4.7,66,22 mins,books,119
365 Colouring Book,400,126,68.5,No,1 pcs,4.9,135,11 mins,books,274
Little Colouring Books for Kids,450,201,55.33,No,1 pcs,,83,22 mins,books,249
100+ Copy Coloring Activity Book L Copy Coloring Books For Kids,249,77,69.08,No,1 pcs,4.4,75,22 mins,books,172
Oswaal Books Lil Legends Creative Crayon Colouring Book,199,38,80.9,No,1 pcs,4.3,61,22 mins,books,161
Oswaal Books Lil Legends My First Book Of Patterns,199,80,59.8,No,1 pcs,4.5,149,22 mins,books,119
Dreamland Superman Copy Colouring and Activity Books Set of 5,850,301,64.59,No,1 pcs,4.5,300,22 mins,books,549
