Name,Original Price,Discounted Price,Discount Percent,Premium,quantity,Rating,Review Count,Delivery Time,Category,selling price
Happi Planet Organic Front,598,118,80.27,No,2 l,4.5,439,20 mins,detergent,480
Surf Excel Matic Top Load Detergent Liquid,573,129,77.49,No,2 l,4.7,573,5 mins,detergent,444
Godrej Fab Machine,99,15,84.85,No,950 ml,4.8,950,5 mins,detergent,84
Ghadi Detergent Powder,71,17,76.06,No,850 ml,4.6,71,5 mins,detergent,54
Rin Detergent Powder,100,7,93,No,850 ml,4.8,100,5 mins,detergent,93
Surf Excel Matic Express Clean,235,31,86.81,No,830 ml,4.8,144,5 mins,detergent,204
Surf Excel Easy Wash Detergent Powder,1030,311,69.81,No,7 kg,4.7,1030,5 mins,detergent,719
Rin Matic Top Load Detergent Liquid,249,71,71.49,No,2 l,4.8,249,5 mins,detergent,178
IFB essentials Fluff Front Load Liquid Detergent,360,38,89.44,No,2 l,,168,5 mins,detergent,322
Smart One Active Wash Detergent Liquid Floral Fragrance,100,9,91,No,2 l,4.6,100,5 mins,detergent,91
Tide Plus Jasmine,138,18,86.96,No,1 kg,4.7,138,5 mins,detergent,120
Surf Excel Matic Front Load Detergent Liquid,539,71,86.83,No,2 l,4.8,539,5 mins,detergent,468
Surf Excel Matic Front Load Detergent Liquid,858,159,81.47,No,5 l,4.8,858,5 mins,detergent,699
Wheel Detergent Powder,236,21,91.1,No,4 kg,4.7,236,5 mins,detergent,215
Surf Excel Easy Wash Detergent Powder,152,16,89.47,No,1 kg,4.8,152,5 mins,detergent,136
Surf Excel Easy Wash Detergent Powder,770,203,73.64,No,5 kg,4.8,770,5 mins,detergent,567
Surf Excel Detergent Bar,900,1,88.89,No,90 g,4.7,90,5 mins,detergent,899
Ghadi Detergent Powder,210,47,77.62,No,3 l,4.6,210,5 mins,detergent,163
Ariel Stain Removal Front Load Washing Machine Detergent Liquid,839,290,65.44,No,4 l,4.6,839,5 mins,detergent,549
Ariel Matic Detergent Powder Front Load Liquid ,1250,67,94.64,No,5 l,4.7,881,5 mins,detergent,1183
Surf Excel Quick Wash Detergent Powder,103,15,85.44,No,500 g,4.7,500,5 mins,detergent,88
Morelight Extra Power Detergent Powder,472,199,57.84,No,4 kg,4.7,472,5 mins,detergent,273
Ariel Matic Detergent Powder Top Load Liquid ,1150,61,94.7,No,3 l,4.5,190,5 mins,detergent,1089
Ariel Stain Removal Top Load Washing Machine Detergent Liquid,749,261,65.15,No,4 l,4.6,749,5 mins,detergent,488
Beco Top Load Laundry Detergent Liquid,220,94,57.27,No,960 ml,4.4,960,5 mins,detergent,126
Ariel Stain Removal Top Load Washing Machine Detergent Liquid,185,3,98.38,No,950 ml,4.7,950,5 mins,detergent,182
Ariel Stain Removal Front Load Washing Machine Detergent Liquid,1185,424,64.22,No,6 l,4.5,1185,5 mins,detergent,761
Ariel Stain Removal Top Load Washing Machine Detergent Liquid,1009,384,61.94,No,6 l,4.8,1009,5 mins,detergent,625
Tide Plus Lemon,138,10,92.75,No,1 kg,4.8,138,5 mins,detergent,128
Ariel Stain Removal Top Load Washing Machine Detergent Liquid,329,48,85.41,No,2 l,4.7,329,5 mins,detergent,281
Godrej Genteel Matic Top Load Detergent Liquid Pouch,320,70,78.12,No,2 l,4.8,320,5 mins,detergent,250
Surf Excel Matic Top Load Detergent Liquid Refill,225,19,91.56,No,2 l,4.7,225,5 mins,detergent,206
Surf Excel Matic Top Load Detergent Liquid,740,161,78.24,No,5 l,4.8,740,5 mins,detergent,579
Tide Plus Lemon,285,38,86.67,No,2 kg,4.8,285,5 mins,detergent,247
Rin Detergent Powder,224,22,90.18,No,2 kg,4.6,593,5 mins,detergent,202
Surf Excel Easy Wash Detergent Powder,235,40,82.98,No,5 kg,4.8,235,5 mins,detergent,195
SafeWash Top Load Matic Premium Detergent Liquid,430,175,59.3,No,2 l,4.8,430,5 mins,detergent,255
Surf Excel Detergent Bar,128,15,88.28,No,200 g,4.7,200,5 mins,detergent,113
Tide Plus Jasmine,980,301,69.29,No,8 kg,4.7,980,5 mins,detergent,679
Surf Excel Easy Wash Liquid Detergent,205,11,94.63,No,1 l,4.7,326,5 mins,detergent,194
Rin Detergent Bar,100,14,86,No,250 g,4.7,250,5 mins,detergent,86
Rin Advanced Detergent Powder,740,96,87.03,No,7 kg,4.8,101,20 mins,detergent,644
Surf Excel Quick Wash Detergent Powder,206,27,86.89,No,1 kg,4.7,206,5 mins,detergent,179
Rin Detergent Bar,155,17,89.03,No,250 g,4.7,826,5 mins,detergent,138
Ariel Stain Removal Top Load Washing Machine Detergent Liquid,599,201,66.44,No,3 l,4.5,599,5 mins,detergent,398
Mr. White Detergent Powder,660,230,65.15,No,7 kg,4.6,660,5 mins,detergent,430
Mr. White Detergent Powder,375,98,73.87,No,4 kg,4.9,375,20 mins,detergent,277
Ariel Complete Detergent Powder,342,41,88.01,No,1 kg,4.8,500,5 mins,detergent,301
Ariel Perfect Wash Detergent Powder,799,267,66.58,No,5 kg,4.6,176,20 mins,detergent,532
Tide Plus Jasmine,270,26,90.37,No,2 kg,4.7,270,5 mins,detergent,244
Tide Matic Top Load Detergent Liquid,275,40,85.45,No,2 l,4.5,275,5 mins,detergent,235
Ariel Complete Detergent Powder,1450,599,58.69,No,4 kg,4.8,1450,5 mins,detergent,851
SafeWash Colour Protection Stain Removal Expert Detergent Liquid,299,50,83.28,No,1 l,4.3,299,5 mins,detergent,249
Tide Plus Jasmine,785,112,85.73,No,6 kg,4.8,785,5 mins,detergent,673
Tazo Green Apple Natural Laundry Detergent Liquid,329,109,66.87,No,800 ml,4.3,962,20 mins,detergent,220
Happi Planet Organic Front,299,59,80.27,No,800 ml,4.9,117,20 mins,detergent,240
Tide White Detergent Bar Soap,115,11,90.43,No,800 ml,4.7,747,5 mins,detergent,104
Tide Plus Lavender Detergent Powder,980,299,69.49,No,8 kg,4.8,788,5 mins,detergent,681
Tazo Dahlia Natural Laundry Detergent Liquid,329,110,66.57,No,900 ml,4.2,508,20 mins,detergent,219
Ujala Top Load Liquid Detergent for Tough Stains and Fresh Fragrance,700,321,54.14,No,4 l,4.9,166,5 mins,detergent,379
Vanish WHite Chlorine Bleach,265,45,83.02,No,800 ml,4.6,983,5 mins,detergent,220
Tide Plus Jasmine,1330,387,70.9,No,12 kg,4.7,1330,5 mins,detergent,943
Godrej Ezee Detergent Liquid For Winterwear,430,104,75.81,No,2 kg,4.6,430,5 mins,detergent,326
Henko Matic Top Load Detergent Liquid,310,62,80,No,2 l,4.8,726,5 mins,detergent,248
Henko Detergent Bar for Powerful Stain ,135,41,69.63,No,1 kg,4.8,742,5 mins,detergent,94
Ariel Matic Top Load Liquid Detergent,749,265,64.62,No,850 ml,4.8,151,5 mins,detergent,484
Proklean Profab Natural Eco,325,41,87.38,No,850 ml,4.2,830,20 mins,detergent,284
Proklean New Profab Eco,1400,480,65.71,No,850 ml,4.3,974,20 mins,detergent,920
Selzer Ultrashine Liquid Detergent ,449,180,59.91,No,850 ml,,58,20 mins,detergent,269
Surf Excel Matic Top Load Detergent Liquid,718,113,84.26,No,4 l,4.6,718,5 mins,detergent,605
Herbal Strategi Laundry Detergent Liquid,240,12,95,No,500 ml,4.8,80,20 mins,detergent,228
Awenest Certified Toxin,920,113,87.72,No,600 ml,4.3,689,20 mins,detergent,807
Surf Excel Quick Wash Detergent Powder,750,32,95.73,No,4 kg,4.7,750,20 mins,detergent,718
Morelight Detergent Powder,1200,559,53.42,No,10 kg,4.2,864,20 mins,detergent,641
Rin Detergent Bar Combo,60,9,85,No,200 ml,4.2,421,5 mins,detergent,51
Rin Fabric Whitener,90,13,85.56,No,500 ml,4.7,500,5 mins,detergent,77
Surf Excel Detergent Bar Combo,136,20,85.29,No,500 ml,4.5,911,5 mins,detergent,116
Beco Front Load Laundry Detergent Liquid,250,116,53.6,No,500 ml,4.2,960,5 mins,detergent,134
Surf Excel Easy Wash Detergent Powder Combo,304,32,89.47,No,500 ml,4.5,637,5 mins,detergent,272
Tide Plus Lemon,276,20,92.75,No,500 ml,4.4,936,5 mins,detergent,256
Rin Matic Front Load Detergent Liquid,312,108,65.38,No,2 l,4.7,312,5 mins,detergent,204
Surf Excel Quick Wash Detergent Powder Combo,206,30,85.44,No,500 ml,4.2,296,5 mins,detergent,176
Ariel Stain Removal Front Load Washing Machine Detergent Liquid,209,25,88.04,No,950 ml,4.7,950,5 mins,detergent,184
Surf Excel Matic Front Load Detergent Liquid Refill,255,28,89.02,No,950 ml,4.7,255,5 mins,detergent,227
Surf Excel Easy Wash Detergent Powder Combo,470,80,82.98,No,950 ml,4.3,815,5 mins,detergent,390
Rin Detergent Bar Combo,40,6,85,No,200 ml,4.6,772,5 mins,detergent,34
Ariel Matic Top Load Detergent Powder,595,200,66.39,No,2 kg,4.7,595,5 mins,detergent,395
Tide Matic Front Load Detergent Liquid ,192,19,90.1,No,850 ml,4.6,805,5 mins,detergent,173
Tide Matic Front Load Detergent Liquid,405,61,84.94,No,2 l,4.7,405,5 mins,detergent,344
Ariel Stain Removal Front Load Washing Machine Detergent Liquid,379,70,81.53,No,2 l,4.7,379,5 mins,detergent,309
Tide Plus Jasmine,276,36,86.96,No,500 ml,4.7,844,5 mins,detergent,240
Ariel Stain Removal Front Load Washing Machine Detergent Liquid,685,219,68.03,No,1 l,4.7,685,5 mins,detergent,466
Surf Excel Matic Front Load Detergent Liquid Refill,364,70,80.77,No,2 l,4.7,364,5 mins,detergent,294
Surf Excel Detergent Bar Combo,68,10,85.29,No,200 ml,4.4,445,5 mins,detergent,58
Ariel Matic Front Load Detergent Powder,660,219,66.82,No,2 kg,4.5,660,5 mins,detergent,441
Surf Excel Matic Top Load Detergent Powder,540,52,90.37,No,2 kg,4.2,487,5 mins,detergent,488
SafeWash Front Load Matic Premium Detergent Liquid,490,198,59.59,No,2 l,4.6,490,5 mins,detergent,292
Surf Excel Bar,186,21,88.71,No,1 kg,4.7,54,5 mins,detergent,165
Rin Detergent Powder Combo,300,21,93,No,800 ml,4.4,658,5 mins,detergent,279
Rin Detergent Powder Combo,200,14,93,No,800 ml,4.2,856,5 mins,detergent,186
Surf Excel Detergent Bar Combo,102,15,85.29,No,800 ml,4.2,315,5 mins,detergent,87
Ariel Matic Front Load Liquid Detergent,219,11,94.98,No,900 ml,4.4,76,20 mins,detergent,208
Tide Plus Jasmine,2230,686,69.24,No,2 l,4.6,211,5 mins,detergent,1544
Beco Front Load Laundry Detergent Liquid Combo,500,232,53.6,No,2 l,4.7,895,5 mins,detergent,268
Ariel Matic Top Load Detergent Powder,1785,600,66.39,No,2 l,4.5,655,5 mins,detergent,1185
Beco Top Load Laundry Detergent Liquid Combo,440,188,57.27,No,2 l,4.7,437,5 mins,detergent,252
Surf Excel Matic Front Load Detergent Liquid Refill,510,56,89.02,No,2 l,4.2,960,5 mins,detergent,454
Surf Excel Matic Front Load Detergent Powder,1475,371,74.85,No,5 kg,4.6,1475,5 mins,detergent,1104
Ghadi Detergent Powder,289,80,72.32,No,3 kg,4.5,420,5 mins,detergent,209
Surf Excel Matic Front Load Detergent Powder,600,58,90.33,No,2 kg,4.6,600,5 mins,detergent,542
Surf Excel Matic Top Load Detergent Liquid Refill,450,38,91.56,No,850 ml,4.7,213,5 mins,detergent,412
Rin Detergent Bar Combo,200,28,86,No,430 ml,4.2,329,5 mins,detergent,172
Comfort After Wash Morning Fresh Fabric Conditioner,345,35,89.86,No,430 ml,4.6,603,5 mins,detergent,310
Surf Excel Matic Top Load Detergent Liquid Refill,439,81,81.55,No,2 l,4.4,956,5 mins,detergent,358
Ariel Stain Removal Top Load Washing Machine Detergent Liquid Combo,658,104,84.19,No,2 l,4.3,324,5 mins,detergent,554
Ariel Matic Top Load Detergent Powder,1190,400,66.39,No,2 l,4.3,767,5 mins,detergent,790
Rin Detergent Bar Combo,300,42,86,No,2 l,4.6,434,5 mins,detergent,258
Ariel Matic Front Load Detergent Powder Combo,1320,438,66.82,No,2 l,4.7,272,5 mins,detergent,882
Ariel Complete Detergent Powder,684,82,88.01,No,2 l,4.3,993,5 mins,detergent,602
Ujala Front Load Detergent Liquid,340,84,75.29,No,2 l,4.5,818,20 mins,detergent,256
Ujala Front Load Liquid Detergent Refill for Tough Dirt Removal and Colour Care,720,302,58.06,No,4 l,4.8,188,5 mins,detergent,418
Surf Excel Matic Front Load Detergent Liquid,799,156,80.48,No,4 l,4.7,799,5 mins,detergent,643
Surf Excel Detergent Bar Combo,256,30,88.28,No,1 l,4.3,662,5 mins,detergent,226
Comfort After Wash Morning Fresh Fabric Conditioner,460,73,84.13,No,860 ml,4.4,514,5 mins,detergent,387
Ariel Stain Removal Top Load Washing Machine Detergent Liquid Combo,1198,442,63.11,No,3 l,4.4,93,5 mins,detergent,756
Beco Top Load Laundry Detergent Liquid,425,201,52.71,No,960 ml,4.7,99,5 mins,detergent,224
Ariel Stain Removal Front Load Washing Machine Detergent Liquid Combo,758,140,81.53,No,3 l,4.7,293,5 mins,detergent,618
Beco Front Load Laundry Detergent Liquid,455,214,52.97,No,960 ml,4.6,185,5 mins,detergent,241
Surf Excel Matic Front Load Detergent Liquid Refill,619,98,84.17,No,2 l,4.6,314,5 mins,detergent,521
Surf Excel Matic Top Load Detergent Powder,1375,345,74.91,No,5 kg,4.5,853,5 mins,detergent,1030
Henko Matic Front Load Detergent Liquid,490,134,72.65,No,2 l,4.9,344,5 mins,detergent,356
SafeWash Top Load Matic Premium Detergent Liquid,860,350,59.3,No,2 l,4.5,604,5 mins,detergent,510
Surf Excel Easy Wash Detergent Powder Combo,1540,406,73.64,No,4 l,4.2,767,5 mins,detergent,1134
Vanish WHite Chlorine Bleach,530,90,83.02,No,5 l,4.3,924,5 mins,detergent,440
Henko Matic Top Load Detergent Powder,1375,499,63.71,No,6 kg,4.3,467,20 mins,detergent,876
Surf Excel Detergent Bar Combo,384,45,88.28,No,1 l,4.5,407,5 mins,detergent,339
Surf Excel Matic Top Load Detergent Liquid Combo,1146,258,77.49,No,2 l,4.4,564,5 mins,detergent,888
Surf Excel Matic Front Load Detergent Liquid Combo,1078,142,86.83,No,3 l,4.2,232,5 mins,detergent,936
Comfort After Wash Morning Fresh Fabric Conditioner,490,82,83.27,No,860 ml,4.7,271,5 mins,detergent,408
Surf Excel Matic Top Load Detergent Liquid Refill,377,35,90.72,No,1 l,4.5,86,5 mins,detergent,342
Surf Excel Matic Front Load Liquid Detergent,799,167,79.1,No,2 l,4.2,848,5 mins,detergent,632
Ariel Stain Removal Front Load Washing Machine Detergent Liquid Combo,1370,438,68.03,No,3 l,4.6,799,5 mins,detergent,932
Ariel Complete Detergent Powder,2900,1,99.97,No,4 l,4.2,330,5 mins,detergent,2899
Surf Excel Matic Top Load Liquid Detergent,754,162,78.51,No,2 l,4.5,762,5 mins,detergent,592
Comfort After Wash Morning Fresh Fabric Conditioner,599,124,79.3,No,860 ml,4.3,748,5 mins,detergent,475
Comfort After Wash Morning Fresh Fabric Conditioner,554,119,78.52,No,860 ml,4.7,68,5 mins,detergent,435
Surf Excel Matic Top Load Detergent Liquid Refill,460,73,84.13,No,1 l,4.3,540,5 mins,detergent,387
Ariel Matic Front Load Detergent Powder Combo,1980,657,66.82,No,2 l,4.7,912,5 mins,detergent,1323
Surf Excel Matic Front Load Detergent Liquid,1303,270,79.28,No,5 l,4.2,201,5 mins,detergent,1033
Dr. Beckmann Magic Leaves Laundry Detergent Sheets,999,280,71.97,No,1 l,4.5,131,20 mins,detergent,719
Surf Excel Matic Top Load Detergent Liquid Refill,754,162,78.51,No,2 l,4.3,306,5 mins,detergent,592
Dr. Beckmann Magic Leaves Laundry Detergent Sheets,999,280,71.97,No,100 g,4.7,114,20 mins,detergent,719
Surf Excel Matic Top Load Detergent Liquid Refill,660,116,82.42,No,1 l,4.7,966,5 mins,detergent,544
Surf Excel Matic Front Load Detergent Liquid,1303,270,79.28,No,5 l,4.5,669,5 mins,detergent,1033
Surf Excel Matic Top Load Detergent Liquid,1185,261,77.97,No,5 l,4.5,979,5 mins,detergent,924
Surf Excel Matic Top Load Detergent Liquid,1175,269,77.11,No,5 l,4.5,885,5 mins,detergent,906
Surf Excel Matic Front Load Detergent Liquid,1293,274,78.81,No,5 l,4.4,341,5 mins,detergent,1019
Surf Excel Matic Top Load Detergent Liquid,1185,261,77.97,No,5 l,4.3,298,5 mins,detergent,924
